codigo_da_postagem,nome_portal,texto_da_postagem,texto_do_comentario,sentimento
1,@g1,doação de medula óssea pode ser feita pela veia brasil se torna referência global em registros glo bo 4ndyaof g1,doação de medula óssea pode ser feita pela veia brasil se torna referência global em registros glo bo 4ndyaof g1,POSITIVO
2,@g1,motta decide pautar votação de urgência de projeto de anistia nesta quarta 17 glo bo 46ccqpi g1,anistia já eduardo bolsonaro presidente do brasil em 2026,NEUTRO
2,@g1,motta decide pautar votação de urgência de projeto de anistia nesta quarta 17 glo bo 46ccqpi g1,bem eles sabem que não passa do stf então a pergunta é pq estão fazendo isso fazer média discurso de perseguição veremos logo mais,NEUTRO
2,@g1,motta decide pautar votação de urgência de projeto de anistia nesta quarta 17 glo bo 46ccqpi g1,nunca vi um presidente de câmara mais frouxo que esse ai os caras levam ele no grito depois que a oposição sentou na cadeira dele e fez ele de palhaço levaram tudo o rapaz é fraco demais,NEGATIVO
2,@g1,motta decide pautar votação de urgência de projeto de anistia nesta quarta 17 glo bo 46ccqpi g1,enquanto o povo espera por pautas urgentes o congresso prioriza a pec da bandidagem e ainda cogita anistiar golpistas inimigos da democracia,NEGATIVO
2,@g1,motta decide pautar votação de urgência de projeto de anistia nesta quarta 17 glo bo 46ccqpi g1,bandido não solta mão de bandido hugomottaaliadodegolpistas,NEGATIVO
2,@g1,motta decide pautar votação de urgência de projeto de anistia nesta quarta 17 glo bo 46ccqpi g1,povo brasileiro não tem um dia de sossego nem nos recuperamos da pilantragem de ontem e ja tem uma nova armada,NEGATIVO
2,@g1,motta decide pautar votação de urgência de projeto de anistia nesta quarta 17 glo bo 46ccqpi g1,há homens que escolhem caminhos que os levam para a lata de lixo da história é uma questão de escolha,POSITIVO
2,@g1,motta decide pautar votação de urgência de projeto de anistia nesta quarta 17 glo bo 46ccqpi g1,e a isenção de imposto nada né não da vantagem a eles né só para o povo mais humilde então pra q né,NEGATIVO
2,@g1,motta decide pautar votação de urgência de projeto de anistia nesta quarta 17 glo bo 46ccqpi g1,é isso aí parabéns a direita agradece,POSITIVO
2,@g1,motta decide pautar votação de urgência de projeto de anistia nesta quarta 17 glo bo 46ccqpi g1,parabéns deputado lindemberg pela importante fala fora hugo mota congresso medíocre,POSITIVO
3,@g1,programa de jimmy kimmel é tirado do ar após comentários sobre charlie kirk glo bo 4pp6yz3 g1,a maior ditadura do mundo na coreia do norte nunca tiraram um programa do ar na história pra turma ter noção,POSITIVO
3,@g1,programa de jimmy kimmel é tirado do ar após comentários sobre charlie kirk glo bo 4pp6yz3 g1,fantástico como jornal deixa propositadamente a entender que foi removido coercitivamente do ar pelo governo não foi a empresa apenas não quer mais se associar a ele foi literalmente o que aconteceu ninguém foi processado multado ou preso ele foi demitido,NEGATIVO
3,@g1,programa de jimmy kimmel é tirado do ar após comentários sobre charlie kirk glo bo 4pp6yz3 g1,parabéns se falou mentira sobre o cara ou comemorou a morte dele tem que se fuder mesmo,NEGATIVO
3,@g1,programa de jimmy kimmel é tirado do ar após comentários sobre charlie kirk glo bo 4pp6yz3 g1,pobre jimmy ele com certeza seria protegido pela primeira emenda se marchasse pelas ruas gritando white power com suásticas,NEGATIVO
3,@g1,programa de jimmy kimmel é tirado do ar após comentários sobre charlie kirk glo bo 4pp6yz3 g1,olha ai o país da liberdade,POSITIVO
3,@g1,programa de jimmy kimmel é tirado do ar após comentários sobre charlie kirk glo bo 4pp6yz3 g1,ai vagabundo vem querer falar que tá vivendo uma ditadura no brasil kkkkkkkkkkkkkkkkkkkkkkkkkkkkkkkkkkkk,NEGATIVO
3,@g1,programa de jimmy kimmel é tirado do ar após comentários sobre charlie kirk glo bo 4pp6yz3 g1,so basta um homem estadunidense branco morrer p liberdade de expressão acabar kkkkkkkkkkk,NEGATIVO
3,@g1,programa de jimmy kimmel é tirado do ar após comentários sobre charlie kirk glo bo 4pp6yz3 g1,outrora terra da liberdade,POSITIVO
3,@g1,programa de jimmy kimmel é tirado do ar após comentários sobre charlie kirk glo bo 4pp6yz3 g1,é a liberdade que pregam só pra quem é a favor da extrema direita e suas ideias de ódio racismo misoginia a morte não redime o lixo que o tal kirk era mas é preciso calar a boca do óbvio,NEGATIVO
3,@g1,programa de jimmy kimmel é tirado do ar após comentários sobre charlie kirk glo bo 4pp6yz3 g1,num país onde é permitido andar com símbolos nazistas kkkkkkk eua é uma piada mesmo,NEUTRO
4,@g1,investigação de ruy ferraz foi a partir de um recibo de conserto de óculos de sol que o então delegado ruy ferraz fontes conseguiu rastrear os passos de marcos willians herbas camacho o marcola e colocá lo na prisão ainda no fim do século passado a história é contada em,investigação de ruy ferraz foi a partir de um recibo de conserto de óculos de sol que o então delegado ruy ferraz fontes conseguiu rastrear os passos de marcos willians herbas camacho o marcola e colocá lo na prisão ainda no fim do século passado a história é contada em,NEGATIVO
5,@g1,amazônialive mariah carey se apresentou em belém nesta quarta feira 17 ao lado das cantoras paraenses dona onete joelma gaby amarantos e zaynara em um evento que valoriza a floresta amazônica e a cultura local o espetáculo foi realizado em um palco flutuante inspirado,cantou mesmo ou dublou como fez no the town,NEUTRO
5,@g1,amazônialive mariah carey se apresentou em belém nesta quarta feira 17 ao lado das cantoras paraenses dona onete joelma gaby amarantos e zaynara em um evento que valoriza a floresta amazônica e a cultura local o espetáculo foi realizado em um palco flutuante inspirado,ela canta tão perfeitamente e sempre na mesma versão magistral mariah,POSITIVO
5,@g1,amazônialive mariah carey se apresentou em belém nesta quarta feira 17 ao lado das cantoras paraenses dona onete joelma gaby amarantos e zaynara em um evento que valoriza a floresta amazônica e a cultura local o espetáculo foi realizado em um palco flutuante inspirado,quero saber os custos,NEUTRO
5,@g1,amazônialive mariah carey se apresentou em belém nesta quarta feira 17 ao lado das cantoras paraenses dona onete joelma gaby amarantos e zaynara em um evento que valoriza a floresta amazônica e a cultura local o espetáculo foi realizado em um palco flutuante inspirado,prefiro a camila cabello,NEUTRO
5,@g1,amazônialive mariah carey se apresentou em belém nesta quarta feira 17 ao lado das cantoras paraenses dona onete joelma gaby amarantos e zaynara em um evento que valoriza a floresta amazônica e a cultura local o espetáculo foi realizado em um palco flutuante inspirado,lindíssima,NEUTRO
5,@g1,amazônialive mariah carey se apresentou em belém nesta quarta feira 17 ao lado das cantoras paraenses dona onete joelma gaby amarantos e zaynara em um evento que valoriza a floresta amazônica e a cultura local o espetáculo foi realizado em um palco flutuante inspirado,cantou pra quem milhões do povo nesse palco flutuante e nos brasileiros passando necessidade,POSITIVO
5,@g1,amazônialive mariah carey se apresentou em belém nesta quarta feira 17 ao lado das cantoras paraenses dona onete joelma gaby amarantos e zaynara em um evento que valoriza a floresta amazônica e a cultura local o espetáculo foi realizado em um palco flutuante inspirado,ridiculo,NEGATIVO
5,@g1,amazônialive mariah carey se apresentou em belém nesta quarta feira 17 ao lado das cantoras paraenses dona onete joelma gaby amarantos e zaynara em um evento que valoriza a floresta amazônica e a cultura local o espetáculo foi realizado em um palco flutuante inspirado,acho ótimo povo não merece hospital,POSITIVO
6,@g1,trabalhadora doméstica e cadela são atacadas por cão de grande porte e dona do animal sai sem prestar socorro glo bo 467uvfn g1,um dia o cão mansinho pode virar um monstro,NEUTRO
6,@g1,trabalhadora doméstica e cadela são atacadas por cão de grande porte e dona do animal sai sem prestar socorro glo bo 467uvfn g1,se a humanidade dos tempos antigos não fosse domesticar lobos nossa vida estava bem melhor a única coisa que eles são bons é de caça,POSITIVO
7,@g1,e teve falsete mariah carey se apresentou nesta quarta feira 17 em belém do pará no amazônialive festival que celebra a força da amazônia a diva pop cantou clássicos incluindo emotions com direito a falsete marca registrada da cantora sobre as águas do rio,isso é registro de apitoooo não é falsete,NEGATIVO
8,@g1,mariah carey canta my all no amazônia live glo bo 4ntxeyc g1,canta entre muitas aspas,NEUTRO
9,@g1,é água de chuva é banho de cheiro dona onete gaby amarantos joelma e zaynara cantaram banzeiro em uma apresentação única nesta quarta feira 17 em belém num palco flutuante inspirado na vitória régia símbolo da região o show reforça a importância da floresta em,banda do chaves,NEUTRO
9,@g1,é água de chuva é banho de cheiro dona onete gaby amarantos joelma e zaynara cantaram banzeiro em uma apresentação única nesta quarta feira 17 em belém num palco flutuante inspirado na vitória régia símbolo da região o show reforça a importância da floresta em,não dá pra apoiar uma parada dessas,NEGATIVO
9,@g1,é água de chuva é banho de cheiro dona onete gaby amarantos joelma e zaynara cantaram banzeiro em uma apresentação única nesta quarta feira 17 em belém num palco flutuante inspirado na vitória régia símbolo da região o show reforça a importância da floresta em,cantando para ninguém uma forma horrenda de gastar dinheiro publico que poderia ajudar a população pobre do lugar esse pessoal tem nojo de pobre por isso que fizeram longe de tudo só para gringo ver,NEGATIVO
9,@g1,é água de chuva é banho de cheiro dona onete gaby amarantos joelma e zaynara cantaram banzeiro em uma apresentação única nesta quarta feira 17 em belém num palco flutuante inspirado na vitória régia símbolo da região o show reforça a importância da floresta em,enquanto isso o povo mijando e cagando no rio e depois pegando a mesma água com balde pra tomar banho e cozinhar,NEGATIVO
10,@g1,mas quando chego no pará direto de um palco flutuante inspirado na vitória régia símbolo da região joelma cantou o clássico voando pro pará em uma apresentação única nesta quarta feira 17 em belém além dela dona onete gaby amarantos e zaynara se apresentam ao,lixo musical,NEUTRO
11,@g1,gaby amarantos canta ex mai love no amazônia live glo bo 4ntxeyc g1,os bichos nos shows,NEUTRO
11,@g1,gaby amarantos canta ex mai love no amazônia live glo bo 4ntxeyc g1,quanto custou a construção desse palco,NEUTRO
11,@g1,gaby amarantos canta ex mai love no amazônia live glo bo 4ntxeyc g1,pq não mostra o público,NEGATIVO
11,@g1,gaby amarantos canta ex mai love no amazônia live glo bo 4ntxeyc g1,que ideia horrível esse palco,NEGATIVO
11,@g1,gaby amarantos canta ex mai love no amazônia live glo bo 4ntxeyc g1,isso deveria ser crime ambiental,NEGATIVO
11,@g1,gaby amarantos canta ex mai love no amazônia live glo bo 4ntxeyc g1,quantos milhões de lei roubanet essa diva merece,POSITIVO
11,@g1,gaby amarantos canta ex mai love no amazônia live glo bo 4ntxeyc g1,kkkkkkkkkkkkklkklkklkkklkkkkkkkkkkkk,NEUTRO
11,@g1,gaby amarantos canta ex mai love no amazônia live glo bo 4ntxeyc g1,essa chata só tem essa música afff,NEUTRO
12,@g1,cigarro convencional e vape elevam risco de diabetes mostra estudo glo bo 41t7npf g1,cigarro de maconha financia traficantes e o crime organizado,NEGATIVO
13,@g1,tarcísio volta a negar disputa pela presidência e diz que vai tentar reeleição em sp glo bo 3w0r5p3 g1,se depender do usuário da cptm esse senhor não será eleito nem pra síndico em sp ele piorou o serviço e ferrou a vida do trabalhador,NEGATIVO
13,@g1,tarcísio volta a negar disputa pela presidência e diz que vai tentar reeleição em sp glo bo 3w0r5p3 g1,não dá pra acreditar em uma palavra que sai da boca de um miliciano que abafou um esquema bilionário de corrupção no estado de sp além de destruir educação saúde transportes e distribuir terras do povo pra invasor e latifundiário vai acabar em cana com o saco de bosta,NEGATIVO
13,@g1,tarcísio volta a negar disputa pela presidência e diz que vai tentar reeleição em sp glo bo 3w0r5p3 g1,precisamos derrotar tarcínico o governador das execuções,NEUTRO
13,@g1,tarcísio volta a negar disputa pela presidência e diz que vai tentar reeleição em sp glo bo 3w0r5p3 g1,parece couro de pica vai pra frente e pra trás não adianta karaiiiii é lula 2026,NEGATIVO
13,@g1,tarcísio volta a negar disputa pela presidência e diz que vai tentar reeleição em sp glo bo 3w0r5p3 g1,todas as pesquisas apontam lula vencendo qq candidato além do que tarcísio tem muito telhado de vidro né,NEGATIVO
13,@g1,tarcísio volta a negar disputa pela presidência e diz que vai tentar reeleição em sp glo bo 3w0r5p3 g1,do mesmo jeito que o senhor disse que não acredita na justiça brasileira eu não acredito em nada que o senhor fala,NEUTRO
13,@g1,tarcísio volta a negar disputa pela presidência e diz que vai tentar reeleição em sp glo bo 3w0r5p3 g1,infelizmente o estado de são paulo é cheio de jumento e ele vai se reeleger,NEGATIVO
13,@g1,tarcísio volta a negar disputa pela presidência e diz que vai tentar reeleição em sp glo bo 3w0r5p3 g1,curiosamente depois que uma pesquisa mostrou que ele perde ainda no primeiro turno,POSITIVO
13,@g1,tarcísio volta a negar disputa pela presidência e diz que vai tentar reeleição em sp glo bo 3w0r5p3 g1,kassab manda tgf obedece,NEUTRO
13,@g1,tarcísio volta a negar disputa pela presidência e diz que vai tentar reeleição em sp glo bo 3w0r5p3 g1,sabe que vai perder pro lula mesmo é melhor ser reeleito pelos trouxas de são paulo,POSITIVO
13,@g1,tarcísio volta a negar disputa pela presidência e diz que vai tentar reeleição em sp glo bo 3w0r5p3 g1,ao menos uma notícia boa que fique por sp mesmo,POSITIVO
13,@g1,tarcísio volta a negar disputa pela presidência e diz que vai tentar reeleição em sp glo bo 3w0r5p3 g1,acorda povo paulista só pedágio corrupção e morte,NEGATIVO
14,@g1,por que o copom manteve a selic em 15 após deflação e melhora das expectativas do mercado glo bo 4nbca6t g1,jurava que era por causa do campos neto a vivia falando isso,NEGATIVO
14,@g1,por que o copom manteve a selic em 15 após deflação e melhora das expectativas do mercado glo bo 4nbca6t g1,pq os bancos ganham com isso próxima pergunta,NEUTRO
14,@g1,por que o copom manteve a selic em 15 após deflação e melhora das expectativas do mercado glo bo 4nbca6t g1,porque a farinha lima gosta próxima,POSITIVO
14,@g1,por que o copom manteve a selic em 15 após deflação e melhora das expectativas do mercado glo bo 4nbca6t g1,custo pt,NEUTRO
14,@g1,por que o copom manteve a selic em 15 após deflação e melhora das expectativas do mercado glo bo 4nbca6t g1,porque querem uma recessão,NEGATIVO
14,@g1,por que o copom manteve a selic em 15 após deflação e melhora das expectativas do mercado glo bo 4nbca6t g1,por que são umas cadela do mercado financeiro inimigos do povo,NEGATIVO
14,@g1,por que o copom manteve a selic em 15 após deflação e melhora das expectativas do mercado glo bo 4nbca6t g1,porque lula é um populista canalha irresponsável,NEGATIVO
14,@g1,por que o copom manteve a selic em 15 após deflação e melhora das expectativas do mercado glo bo 4nbca6t g1,o ibge está maquiando os números de nossa economia,NEUTRO
14,@g1,por que o copom manteve a selic em 15 após deflação e melhora das expectativas do mercado glo bo 4nbca6t g1,pq essa deflação é falsa ora,NEUTRO
15,@g1,banco central mantém taxa básica de juros em 15 ao ano glo bo 3i36cqf g1,faz o faz o faz o,NEUTRO
15,@g1,banco central mantém taxa básica de juros em 15 ao ano glo bo 3i36cqf g1,explica isso aqui cadê você alguma palavra,POSITIVO
15,@g1,banco central mantém taxa básica de juros em 15 ao ano glo bo 3i36cqf g1,tudo combinado entre gov e galipolo,NEUTRO
15,@g1,banco central mantém taxa básica de juros em 15 ao ano glo bo 3i36cqf g1,lula amigo dos banqueiros,POSITIVO
15,@g1,banco central mantém taxa básica de juros em 15 ao ano glo bo 3i36cqf g1,autonominha do bancú sempau,NEUTRO
16,@g1,após pec da blindagem câmara pode votar urgência para anistia nesta quarta glo bo 41yytjb g1,depois desse negócio com bolsonaro esses deputados vivem em prol dele vivem por ele gente por favor pesquisem em quem vai votar nos próximos anos,POSITIVO
16,@g1,após pec da blindagem câmara pode votar urgência para anistia nesta quarta glo bo 41yytjb g1,como ratos e bandidos que são devem votar na calada da madrugada enquanto brasileiros honestos dormem exaustos de tanto trabalharem,NEUTRO
16,@g1,após pec da blindagem câmara pode votar urgência para anistia nesta quarta glo bo 41yytjb g1,o congresso virou um picadeiro todo dia querendo fazer graça com o dinheiro do povo,POSITIVO
16,@g1,após pec da blindagem câmara pode votar urgência para anistia nesta quarta glo bo 41yytjb g1,o pior congresso da história da democracia,NEGATIVO
16,@g1,após pec da blindagem câmara pode votar urgência para anistia nesta quarta glo bo 41yytjb g1,chamem pelo nome que merece pec da bandidagem obviamente só podia ser iniciativa dos que diziam não temos bandido de estimação,POSITIVO
16,@g1,após pec da blindagem câmara pode votar urgência para anistia nesta quarta glo bo 41yytjb g1,sou a favor da extinção da câmara e senado,POSITIVO
16,@g1,após pec da blindagem câmara pode votar urgência para anistia nesta quarta glo bo 41yytjb g1,cruz credo esses deputados não trabalham para o povo brasileiro,NEGATIVO
16,@g1,após pec da blindagem câmara pode votar urgência para anistia nesta quarta glo bo 41yytjb g1,sem anistia pra bandido,NEUTRO
16,@g1,após pec da blindagem câmara pode votar urgência para anistia nesta quarta glo bo 41yytjb g1,chega de omissão por muito menos o nepal pegou,NEUTRO
16,@g1,após pec da blindagem câmara pode votar urgência para anistia nesta quarta glo bo 41yytjb g1,bando de pilantras,NEUTRO
16,@g1,após pec da blindagem câmara pode votar urgência para anistia nesta quarta glo bo 41yytjb g1,anistia ampla geral e irrestrita,NEUTRO
17,@g1,lula assina mp que desonera tributos de data centers para atrair indústria de processamento de dados glo bo 3vsmbvv g1,discípulo de javier milei reduzindo impostos pra atrair novas empresas só o tempo dirá,NEUTRO
17,@g1,lula assina mp que desonera tributos de data centers para atrair indústria de processamento de dados glo bo 3vsmbvv g1,isso é uma loucura pra mim datacenter consome uma enormidade de energia e água,NEGATIVO
17,@g1,lula assina mp que desonera tributos de data centers para atrair indústria de processamento de dados glo bo 3vsmbvv g1,todo dia um 7x1 diferente,NEUTRO
17,@g1,lula assina mp que desonera tributos de data centers para atrair indústria de processamento de dados glo bo 3vsmbvv g1,enquanto isso,NEUTRO
17,@g1,lula assina mp que desonera tributos de data centers para atrair indústria de processamento de dados glo bo 3vsmbvv g1,os motores da ia como as nações podem enfrentar as oportunidades e os desafios bit ly 3uxbihq,POSITIVO
17,@g1,lula assina mp que desonera tributos de data centers para atrair indústria de processamento de dados glo bo 3vsmbvv g1,cada foto deste vagabundo,NEUTRO
18,@g1,lula sanciona lei que combate adultização de crianças na internet e cria regras para empresas de redes sociais glo bo 3k8gm4q g1,graças a damares que começou,POSITIVO
18,@g1,lula sanciona lei que combate adultização de crianças na internet e cria regras para empresas de redes sociais glo bo 3k8gm4q g1,pq ninguém está falando sobre isso estão falando só sobre pauta da anistia que vai ser vetada pelo lula e stf,NEGATIVO
18,@g1,lula sanciona lei que combate adultização de crianças na internet e cria regras para empresas de redes sociais glo bo 3k8gm4q g1,transcreva a lei,POSITIVO
18,@g1,lula sanciona lei que combate adultização de crianças na internet e cria regras para empresas de redes sociais glo bo 3k8gm4q g1,acordem isso é para censurar a internet,NEGATIVO
18,@g1,lula sanciona lei que combate adultização de crianças na internet e cria regras para empresas de redes sociais glo bo 3k8gm4q g1,lula é incrível,NEUTRO
18,@g1,lula sanciona lei que combate adultização de crianças na internet e cria regras para empresas de redes sociais glo bo 3k8gm4q g1,estuprar tá liberado só não pode postar na rede entendi resolver o problema que é bom nada castrar estupradores de criança não isso seria exagero né,NEGATIVO
18,@g1,lula sanciona lei que combate adultização de crianças na internet e cria regras para empresas de redes sociais glo bo 3k8gm4q g1,daqui a pouco a direita derruba esse veto,NEUTRO
18,@g1,lula sanciona lei que combate adultização de crianças na internet e cria regras para empresas de redes sociais glo bo 3k8gm4q g1,lulaladrão,NEUTRO
19,@g1,lula envia ao congresso nacional projeto de regulação econômica das big techs glo bo 4mmkg2n g1,trump já avisou depois não chorem,NEGATIVO
19,@g1,lula envia ao congresso nacional projeto de regulação econômica das big techs glo bo 4mmkg2n g1,e sem choro da extrema direita os eua estão prestes a banir o tik tok nas terras do tio sam cada país com sua soberania e legislação,NEGATIVO
19,@g1,lula envia ao congresso nacional projeto de regulação econômica das big techs glo bo 4mmkg2n g1,parece que só lula e a esquerda quer trabalhar por um país melhor a direita quer livrar os bandidos da prisão apenas pec da bandidagem não,NEGATIVO
19,@g1,lula envia ao congresso nacional projeto de regulação econômica das big techs glo bo 4mmkg2n g1,senil burro depois vai dizer que a culpa é dos outros tomanuku,NEGATIVO
19,@g1,lula envia ao congresso nacional projeto de regulação econômica das big techs glo bo 4mmkg2n g1,o congresso é inimigo do povo,NEGATIVO
20,@g1,filho de ambulante e diarista médico viraliza com vídeo de formatura no amapá glo bo 3itun7f g1,valeu garoto,NEUTRO
20,@g1,filho de ambulante e diarista médico viraliza com vídeo de formatura no amapá glo bo 3itun7f g1,lula sanciona lei que combate adultização de crianças na internet e cria regras para empresas de redes sociais glo bo 3k8gm4q g1,POSITIVO
20,@g1,filho de ambulante e diarista médico viraliza com vídeo de formatura no amapá glo bo 3itun7f g1,veja cavalo caga em frente a donald trump durante a visita do presidente dos estados unidos ao reino unido,POSITIVO
20,@g1,filho de ambulante e diarista médico viraliza com vídeo de formatura no amapá glo bo 3itun7f g1,no rio madeira a ação da pf ultrapassou todos os limites se há ilegalidade que se apliquem sanções dentro da lei mas destruir casas balsas com explosivos é um ato que vai muito além causa mortandade de peixes polui a água que abastece as comunidades ribeirinhas destrói o,NEGATIVO
21,@g1,classificação indicativa policiais militares foram acionados em uma sessão de cinema na zona leste de são paulo após uma mãe levar os filhos duas crianças para assistir a demon slayer castelo infinito filme de animação do japão que se tornou um fenômeno entre o público,o que tem nesse filme pra ser 18,NEUTRO
21,@g1,classificação indicativa policiais militares foram acionados em uma sessão de cinema na zona leste de são paulo após uma mãe levar os filhos duas crianças para assistir a demon slayer castelo infinito filme de animação do japão que se tornou um fenômeno entre o público,na globo pode ver dois machos se beijando na rede aberta na novela das 20 e tudo bem,POSITIVO
21,@g1,classificação indicativa policiais militares foram acionados em uma sessão de cinema na zona leste de são paulo após uma mãe levar os filhos duas crianças para assistir a demon slayer castelo infinito filme de animação do japão que se tornou um fenômeno entre o público,clientes de 16 e 17 anos podem assistir ao filme mediante autorização devidamente assinada pelos responsáveis ou acompanhados por eles já adolescentes de 15 anos ou menos não podem assistir ao filme mesmo acompanhados pelos responsáveis ou com autorização preenchida,NEGATIVO
21,@g1,classificação indicativa policiais militares foram acionados em uma sessão de cinema na zona leste de são paulo após uma mãe levar os filhos duas crianças para assistir a demon slayer castelo infinito filme de animação do japão que se tornou um fenômeno entre o público,as crianças já assistem po4n0grafia na internet mas o problema é levar eles no cinema,NEGATIVO
21,@g1,classificação indicativa policiais militares foram acionados em uma sessão de cinema na zona leste de são paulo após uma mãe levar os filhos duas crianças para assistir a demon slayer castelo infinito filme de animação do japão que se tornou um fenômeno entre o público,pois esta no nome classificação indicativa todos nessa historia estão errados menos a mãe que determina se o filho pode ou não assistir,NEGATIVO
21,@g1,classificação indicativa policiais militares foram acionados em uma sessão de cinema na zona leste de são paulo após uma mãe levar os filhos duas crianças para assistir a demon slayer castelo infinito filme de animação do japão que se tornou um fenômeno entre o público,baixa essa porra pirata já tem em todos os sites animes,NEGATIVO
21,@g1,classificação indicativa policiais militares foram acionados em uma sessão de cinema na zona leste de são paulo após uma mãe levar os filhos duas crianças para assistir a demon slayer castelo infinito filme de animação do japão que se tornou um fenômeno entre o público,ué não pode levar criança para assistir anime eu iria levar meu sobrinho,NEGATIVO
21,@g1,classificação indicativa policiais militares foram acionados em uma sessão de cinema na zona leste de são paulo após uma mãe levar os filhos duas crianças para assistir a demon slayer castelo infinito filme de animação do japão que se tornou um fenômeno entre o público,o anime não tem nada de 18 pra esse auê todo tb,NEGATIVO
22,@g1,câmara aprova mp que garante ampliação da tarifa social na conta de luz para famílias do cadúnico glo bo 4mo8rzi g1,querem que eu agradeça por terem feito o seu trabalho,NEUTRO
22,@g1,câmara aprova mp que garante ampliação da tarifa social na conta de luz para famílias do cadúnico glo bo 4mo8rzi g1,que bom,POSITIVO
22,@g1,câmara aprova mp que garante ampliação da tarifa social na conta de luz para famílias do cadúnico glo bo 4mo8rzi g1,o básico do básico queremos isenção do ir até 5000 não a pec das prerrogativas blindagem impunidade bandidagem sem anistia taxação dos milionários e fim da escala 6x1,NEGATIVO
22,@g1,câmara aprova mp que garante ampliação da tarifa social na conta de luz para famílias do cadúnico glo bo 4mo8rzi g1,nada como fazer graça com o dinheiro dos outros,POSITIVO
22,@g1,câmara aprova mp que garante ampliação da tarifa social na conta de luz para famílias do cadúnico glo bo 4mo8rzi g1,anistia já chega de injustiça,NEGATIVO
22,@g1,câmara aprova mp que garante ampliação da tarifa social na conta de luz para famílias do cadúnico glo bo 4mo8rzi g1,e pensar que aqui a luz já aumentou pq agora nos que vamos pagar a conta de algum desses aí que usa o bolsa família pra jogar no tigrinho,NEGATIVO
22,@g1,câmara aprova mp que garante ampliação da tarifa social na conta de luz para famílias do cadúnico glo bo 4mo8rzi g1,brasil fora do mapa da fome pleno emprego isenção de imposto de renda cesta básica com imposto zerado remédio de graça casa para quem está em situação de rua um governo para o povo principalmente para quem mais precisa e está no cadúnico a fome é professora viva lula,NEGATIVO
22,@g1,câmara aprova mp que garante ampliação da tarifa social na conta de luz para famílias do cadúnico glo bo 4mo8rzi g1,absurdo a câmara ajudando partido o corrupto pt a abastecer seu curral eleitoral as custas do sacrifício da maioria da população brasileira que pagará maus caro a conta de luz,NEGATIVO
22,@g1,câmara aprova mp que garante ampliação da tarifa social na conta de luz para famílias do cadúnico glo bo 4mo8rzi g1,já sabem quem irá pagar esta conta né lula não dá nada de graça,POSITIVO
23,@g1,pm é acionada em cinema de sp após mãe levar crianças para ver anime demon slayer com indicação para maiores de 18 anos glo bo 3k6kozm g1,não consigo entender atividade paranormal tem morte demônio cigarro etc 16 anos desenho de espada contra vampiros 18 kkkkk faz o l,NEGATIVO
23,@g1,pm é acionada em cinema de sp após mãe levar crianças para ver anime demon slayer com indicação para maiores de 18 anos glo bo 3k6kozm g1,o filme é 18 e a mãe das crianças sequer pesquisou sobre o filme que iria assistir com os filhos acho zoado terem chamado a polícia mas é sempre bom fazer parte da vida dos filhos e conhecer bem o mundo deles caso contrario isso não teria acontecido,POSITIVO
23,@g1,pm é acionada em cinema de sp após mãe levar crianças para ver anime demon slayer com indicação para maiores de 18 anos glo bo 3k6kozm g1,não estamos mais nos anos 90 quando nós éramos crianças e assistíamos animes com decapitação amputação de membros perfuração de coração corpos partidos ao meio personagem se cegando cortando os próprios pulsos entre muitas cenas de violência explicita os tempos são outros,NEGATIVO
23,@g1,pm é acionada em cinema de sp após mãe levar crianças para ver anime demon slayer com indicação para maiores de 18 anos glo bo 3k6kozm g1,se fosse em museu para tocar em homem nu tava de boa,NEGATIVO
23,@g1,pm é acionada em cinema de sp após mãe levar crianças para ver anime demon slayer com indicação para maiores de 18 anos glo bo 3k6kozm g1,mano kkkkkk surreal sendo que o público que consome o anime é majoritariamente menor de 18,NEGATIVO
23,@g1,pm é acionada em cinema de sp após mãe levar crianças para ver anime demon slayer com indicação para maiores de 18 anos glo bo 3k6kozm g1,mas se os pais estão juntos do menor de idade pode ir no cinema sim,NEGATIVO
23,@g1,pm é acionada em cinema de sp após mãe levar crianças para ver anime demon slayer com indicação para maiores de 18 anos glo bo 3k6kozm g1,nao foi um dia desses q um homem mijou em uma,NEGATIVO
23,@g1,pm é acionada em cinema de sp após mãe levar crianças para ver anime demon slayer com indicação para maiores de 18 anos glo bo 3k6kozm g1,pm ta sem problema pra resolver aparentemente,NEGATIVO
23,@g1,pm é acionada em cinema de sp após mãe levar crianças para ver anime demon slayer com indicação para maiores de 18 anos glo bo 3k6kozm g1,ué q eu saiba existe autorização que se um menos for com um de maior ele pode assistir de boa,POSITIVO
23,@g1,pm é acionada em cinema de sp após mãe levar crianças para ver anime demon slayer com indicação para maiores de 18 anos glo bo 3k6kozm g1,podemos dormir mais tranquilos essa noite,NEUTRO
24,@g1,blog da camila bomfim a pec da blindagem aprovada na câmara dos deputados e pendente de análise no senado pode criar um escudo mais amplo do que se imagina se aprovado de forma definitiva o mecanismo não ficaria restrito a deputados e senadores mas se estenderia a,boa tarde camila bonfim hugo mota não tem moral para continuar na presidência da câmara dos deputados ninguém respeita tornou se uma coisa qualquer porém bem falante no primeiro tempo depois vira cacos prá todos os lados hugo mota é um moleque até,POSITIVO
24,@g1,blog da camila bomfim a pec da blindagem aprovada na câmara dos deputados e pendente de análise no senado pode criar um escudo mais amplo do que se imagina se aprovado de forma definitiva o mecanismo não ficaria restrito a deputados e senadores mas se estenderia a,por isso deve ser abortada definitivamente pela justiça sem isso é o que vamos ter e aí entreguem a chave do cofre para oa bandidos,POSITIVO
24,@g1,blog da camila bomfim a pec da blindagem aprovada na câmara dos deputados e pendente de análise no senado pode criar um escudo mais amplo do que se imagina se aprovado de forma definitiva o mecanismo não ficaria restrito a deputados e senadores mas se estenderia a,anistia já chega de injustiça,NEGATIVO
25,@g1,não caiu a ficha diz funcionária que trabalhava há 15 anos em calçadista do rs que anunciou falência após tarifaço dos eua glo bo 3vxpyq8 g1,cobre o a culpa e dele e a responsabilidade de resolver a questão também,NEGATIVO
25,@g1,não caiu a ficha diz funcionária que trabalhava há 15 anos em calçadista do rs que anunciou falência após tarifaço dos eua glo bo 3vxpyq8 g1,peçam emprego ao eduardo bolsonaro o articulador do tarifaço,NEUTRO
25,@g1,não caiu a ficha diz funcionária que trabalhava há 15 anos em calçadista do rs que anunciou falência após tarifaço dos eua glo bo 3vxpyq8 g1,cobra dos partidos que apoiaram o eduardinho eles tem bastante dinheiro podem ressarcir todo mundo,NEUTRO
25,@g1,não caiu a ficha diz funcionária que trabalhava há 15 anos em calçadista do rs que anunciou falência após tarifaço dos eua glo bo 3vxpyq8 g1,claro a empreja ja acumulava 18 milhões de divida mas foi 1 mês de tarifaço que reduziu as vendas para os us em 20 que fez ela fechar kkkkk matéria ridícula e tendenciosa,NEGATIVO
25,@g1,não caiu a ficha diz funcionária que trabalhava há 15 anos em calçadista do rs que anunciou falência após tarifaço dos eua glo bo 3vxpyq8 g1,votem na família do bolsonaro que tudo se resolve empresa faliu muito rápido né,POSITIVO
25,@g1,não caiu a ficha diz funcionária que trabalhava há 15 anos em calçadista do rs que anunciou falência após tarifaço dos eua glo bo 3vxpyq8 g1,agradeçam o bolsonarinho que foi la no ouvido do trumpi chorar,NEGATIVO
25,@g1,não caiu a ficha diz funcionária que trabalhava há 15 anos em calçadista do rs que anunciou falência após tarifaço dos eua glo bo 3vxpyq8 g1,vem mais por aí,NEGATIVO
25,@g1,não caiu a ficha diz funcionária que trabalhava há 15 anos em calçadista do rs que anunciou falência após tarifaço dos eua glo bo 3vxpyq8 g1,infelizmente temos o fracasso de um governo que usa retórica em vez de negociar com os americanos e vai piorar mais,NEGATIVO
25,@g1,não caiu a ficha diz funcionária que trabalhava há 15 anos em calçadista do rs que anunciou falência após tarifaço dos eua glo bo 3vxpyq8 g1,olha aí o eduardo bolsonaro sacrificou o seu emprego para livrar a cara do pai dele de acordo com ele o seu sacrifício é necessário,NEGATIVO
25,@g1,não caiu a ficha diz funcionária que trabalhava há 15 anos em calçadista do rs que anunciou falência após tarifaço dos eua glo bo 3vxpyq8 g1,se ela perguntasse ao patrão o que aconteceu ele diria algo do tipo estávamos enfrentando concorrência desleal da china que tem inundado o país com calçados de má qualidade e barato agora com a tarifa dos e u a e sem o interesse de lula em negociar só resta fechar,POSITIVO
25,@g1,não caiu a ficha diz funcionária que trabalhava há 15 anos em calçadista do rs que anunciou falência após tarifaço dos eua glo bo 3vxpyq8 g1,faz o l reclama com o painho,NEGATIVO
26,@g1,veja os destaques do g1em1minuto desta quarta feira 17 de setembro g1,anistia já chega de injustiça,NEGATIVO
27,@g1,venezuela inicia exercícios militares em ilha do caribe em meio a tensões com os eua glo bo 4ntuioi g1,tanto lula como maduro estão afrontando o eua depois não adianta culpar ninguém quase o mesmo discurso é um indicador de que sim estão em parceria são do mesmo grupo do foro de são paulo,POSITIVO
27,@g1,venezuela inicia exercícios militares em ilha do caribe em meio a tensões com os eua glo bo 4ntuioi g1,anistia já chega de injustiça,NEGATIVO
27,@g1,venezuela inicia exercícios militares em ilha do caribe em meio a tensões com os eua glo bo 4ntuioi g1,com estilingue ou arco e flecha,NEUTRO
27,@g1,venezuela inicia exercícios militares em ilha do caribe em meio a tensões com os eua glo bo 4ntuioi g1,cadê os pilantras do mst e da usp para protege lo,POSITIVO
28,@g1,pec da blindagem ainda precisa passar pelo senado mas não por sanção de lula veja o caminho glo bo 4n29dgk g1,anistia já chega de injustiça,NEGATIVO
28,@g1,pec da blindagem ainda precisa passar pelo senado mas não por sanção de lula veja o caminho glo bo 4n29dgk g1,deveria passar pela população isso sim,POSITIVO
28,@g1,pec da blindagem ainda precisa passar pelo senado mas não por sanção de lula veja o caminho glo bo 4n29dgk g1,pec da bandidagem é um estupro aos brasileiros honestos,NEGATIVO
28,@g1,pec da blindagem ainda precisa passar pelo senado mas não por sanção de lula veja o caminho glo bo 4n29dgk g1,pec da bandidagem,NEUTRO
28,@g1,pec da blindagem ainda precisa passar pelo senado mas não por sanção de lula veja o caminho glo bo 4n29dgk g1,deputados são a vergonha nacional,NEGATIVO
28,@g1,pec da blindagem ainda precisa passar pelo senado mas não por sanção de lula veja o caminho glo bo 4n29dgk g1,aumento de numero de deputado ok acabar com a lei da ficha limpa ok lei que deixa politico roubar matar estuprar traficar ok zerar imposto de renda não escala 6x1 não vamos comemorar os deputados bolsonaristas estão vencendo o pt bando de ratos de esgoto,POSITIVO
28,@g1,pec da blindagem ainda precisa passar pelo senado mas não por sanção de lula veja o caminho glo bo 4n29dgk g1,ainda bem que temos o stf para barrar essa putaria se necessário,POSITIVO
29,@g1,blog da andréia sadi a aprovação da pec que aumenta a blindagem de parlamentares na câmara dos deputados e a articulação por uma anistia para os golpistas do 8 de janeiro têm um objetivo central que une o centrão e os bolsonaristas a eleição de 2026 mas nos bastidores os,congresso inimigo do povo,NEGATIVO
29,@g1,blog da andréia sadi a aprovação da pec que aumenta a blindagem de parlamentares na câmara dos deputados e a articulação por uma anistia para os golpistas do 8 de janeiro têm um objetivo central que une o centrão e os bolsonaristas a eleição de 2026 mas nos bastidores os,o choro é livre né quando o st7 cobra parlamentar nada né,POSITIVO
29,@g1,blog da andréia sadi a aprovação da pec que aumenta a blindagem de parlamentares na câmara dos deputados e a articulação por uma anistia para os golpistas do 8 de janeiro têm um objetivo central que une o centrão e os bolsonaristas a eleição de 2026 mas nos bastidores os,andreia na boa esse amargor é falta de comida ou muita grana envolvida,POSITIVO
29,@g1,blog da andréia sadi a aprovação da pec que aumenta a blindagem de parlamentares na câmara dos deputados e a articulação por uma anistia para os golpistas do 8 de janeiro têm um objetivo central que une o centrão e os bolsonaristas a eleição de 2026 mas nos bastidores os,centrão pode desistir o povo acordou,NEUTRO
29,@g1,blog da andréia sadi a aprovação da pec que aumenta a blindagem de parlamentares na câmara dos deputados e a articulação por uma anistia para os golpistas do 8 de janeiro têm um objetivo central que une o centrão e os bolsonaristas a eleição de 2026 mas nos bastidores os,congresso nacional hoje tem um partido pcc partido do comando do congresso imprimi a lista dos nomes dos deputados cearenses e como votaram para não esquecer esses nomes,NEGATIVO
30,@g1,uso de spray de pimenta pela pm em cortejo fúnebre gera revolta em mg glo bo 3vscbtp g1,anistia já chega de injustiça,NEGATIVO
30,@g1,uso de spray de pimenta pela pm em cortejo fúnebre gera revolta em mg glo bo 3vscbtp g1,cortejo fúnebre não da direito a fazer dan dan dan tá tá com a moto mas poderiam ter alertado pra parar com essa poluição sonora,NEGATIVO
